{
    "config": {
        "0": {
            "range": {
                "15.0-45.0": [
                    "C",
                    "",
                    "105.0-135.0",
                    "",
                    "45.0-75.0",
                    "",
                    "75.0-105.0",
                    "15.0-45.0",
                    "465.0-495.0"
                ],
                "45.0-75.0": [
                    "T",
                    "15.0-45.0",
                    "105.0-135.0",
                    "",
                    "135.0-165.0",
                    "",
                    "75.0-105.0",
                    "15.0-45.0",
                    "465.0-495.0"
                ],
                "75.0-105.0": [
                    "F",
                    "15.0-45.0",
                    "105.0-135.0",
                    "45.0-75.0",
                    "135.0-165.0",
                    "",
                    "165.0-195.0",
                    "15.0-45.0",
                    "465.0-495.0"
                ],
                "105.0-135.0": [
                    "C",
                    "15.0-45.0",
                    "195.0-225.0",
                    "45.0-75.0",
                    "135.0-165.0",
                    "75.0-105.0",
                    "165.0-195.0",
                    "15.0-45.0",
                    "465.0-495.0"
                ],
                "135.0-165.0": [
                    "T",
                    "105.0-135.0",
                    "195.0-225.0",
                    "45.0-75.0",
                    "225.0-255.0",
                    "75.0-105.0",
                    "165.0-195.0",
                    "15.0-45.0",
                    "465.0-495.0"
                ],
                "165.0-195.0": [
                    "F",
                    "105.0-135.0",
                    "195.0-225.0",
                    "135.0-165.0",
                    "225.0-255.0",
                    "75.0-105.0",
                    "255.0-285.0",
                    "15.0-45.0",
                    "465.0-495.0"
                ],
                "195.0-225.0": [
                    "C",
                    "105.0-135.0",
                    "285.0-315.0",
                    "135.0-165.0",
                    "225.0-255.0",
                    "165.0-195.0",
                    "255.0-285.0",
                    "15.0-45.0",
                    "465.0-495.0"
                ],
                "225.0-255.0": [
                    "T",
                    "195.0-225.0",
                    "285.0-315.0",
                    "135.0-165.0",
                    "315.0-345.0",
                    "165.0-195.0",
                    "255.0-285.0",
                    "15.0-45.0",
                    "465.0-495.0"
                ],
                "255.0-285.0": [
                    "F",
                    "195.0-225.0",
                    "285.0-315.0",
                    "225.0-255.0",
                    "315.0-345.0",
                    "165.0-195.0",
                    "345.0-375.0",
                    "15.0-45.0",
                    "465.0-495.0"
                ],
                "285.0-315.0": [
                    "C",
                    "195.0-225.0",
                    "375.0-405.0",
                    "225.0-255.0",
                    "315.0-345.0",
                    "255.0-285.0",
                    "345.0-375.0",
                    "15.0-45.0",
                    "465.0-495.0"
                ],
                "315.0-345.0": [
                    "T",
                    "285.0-315.0",
                    "375.0-405.0",
                    "225.0-255.0",
                    "405.0-435.0",
                    "255.0-285.0",
                    "345.0-375.0",
                    "15.0-45.0",
                    "465.0-495.0"
                ],
                "345.0-375.0": [
                    "F",
                    "285.0-315.0",
                    "375.0-405.0",
                    "315.0-345.0",
                    "405.0-435.0",
                    "255.0-285.0",
                    "435.0-465.0",
                    "15.0-45.0",
                    "465.0-495.0"
                ],
                "375.0-405.0": [
                    "C",
                    "285.0-315.0",
                    "465.0-495.0",
                    "315.0-345.0",
                    "405.0-435.0",
                    "345.0-375.0",
                    "435.0-465.0",
                    "15.0-45.0",
                    "465.0-495.0"
                ],
                "405.0-435.0": [
                    "T",
                    "375.0-405.0",
                    "465.0-495.0",
                    "315.0-345.0",
                    "",
                    "345.0-375.0",
                    "435.0-465.0",
                    "15.0-45.0",
                    "465.0-495.0"
                ],
                "435.0-465.0": [
                    "F",
                    "375.0-405.0",
                    "465.0-495.0",
                    "405.0-435.0",
                    "",
                    "345.0-375.0",
                    "",
                    "15.0-45.0",
                    "465.0-495.0"
                ],
                "465.0-495.0": [
                    "C",
                    "375.0-405.0",
                    "",
                    "405.0-435.0",
                    "",
                    "435.0-465.0",
                    "",
                    "15.0-45.0",
                    "465.0-495.0"
                ],
                "0-15.0": [
                    "",
                    "",
                    "15.0-45.0",
                    "",
                    "45.0-75.0",
                    "",
                    "75.0-105.0",
                    "15.0-45.0",
                    "465.0-495.0"
                ]
            },
            "levels": {
                "30": [
                    "C",
                    "",
                    120,
                    "",
                    60,
                    "",
                    90,
                    30,
                    480
                ],
                "60": [
                    "T",
                    30,
                    120,
                    "",
                    150,
                    "",
                    90,
                    30,
                    480
                ],
                "90": [
                    "F",
                    30,
                    120,
                    60,
                    150,
                    "",
                    180,
                    30,
                    480
                ],
                "120": [
                    "C",
                    30,
                    210,
                    60,
                    150,
                    90,
                    180,
                    30,
                    480
                ],
                "150": [
                    "T",
                    120,
                    210,
                    60,
                    240,
                    90,
                    180,
                    30,
                    480
                ],
                "180": [
                    "F",
                    120,
                    210,
                    150,
                    240,
                    90,
                    270,
                    30,
                    480
                ],
                "210": [
                    "C",
                    120,
                    300,
                    150,
                    240,
                    180,
                    270,
                    30,
                    480
                ],
                "240": [
                    "T",
                    210,
                    300,
                    150,
                    330,
                    180,
                    270,
                    30,
                    480
                ],
                "270": [
                    "F",
                    210,
                    300,
                    240,
                    330,
                    180,
                    360,
                    30,
                    480
                ],
                "300": [
                    "C",
                    210,
                    390,
                    240,
                    330,
                    270,
                    360,
                    30,
                    480
                ],
                "330": [
                    "T",
                    300,
                    390,
                    240,
                    420,
                    270,
                    360,
                    30,
                    480
                ],
                "360": [
                    "F",
                    300,
                    390,
                    330,
                    420,
                    270,
                    450,
                    30,
                    480
                ],
                "390": [
                    "C",
                    300,
                    480,
                    330,
                    420,
                    360,
                    450,
                    30,
                    480
                ],
                "420": [
                    "T",
                    390,
                    480,
                    330,
                    "",
                    360,
                    450,
                    30,
                    480
                ],
                "450": [
                    "F",
                    390,
                    480,
                    420,
                    "",
                    360,
                    "",
                    30,
                    480
                ],
                "480": [
                    "C",
                    390,
                    "",
                    420,
                    "",
                    450,
                    "",
                    30,
                    480
                ],
                "0": [
                    "",
                    "",
                    30,
                    "",
                    60,
                    "",
                    90,
                    30,
                    480
                ]
            },
            "pattern": [
                "C",
                "T",
                "F",
                "C",
                "T",
                "F",
                "C",
                "T",
                "F",
                "C",
                "T",
                "F",
                "C",
                "T",
                "F",
                "C"
            ]
        },
        "1": {
            "range": {
                "15.0-45.0": [
                    "F",
                    "",
                    "75.0-105.0",
                    "",
                    "45.0-75.0",
                    "",
                    "105.0-135.0",
                    "75.0-105.0",
                    "435.0-465.0"
                ],
                "45.0-75.0": [
                    "T",
                    "",
                    "75.0-105.0",
                    "",
                    "135.0-165.0",
                    "15.0-45.0",
                    "105.0-135.0",
                    "75.0-105.0",
                    "435.0-465.0"
                ],
                "75.0-105.0": [
                    "C",
                    "",
                    "165.0-195.0",
                    "45.0-75.0",
                    "135.0-165.0",
                    "15.0-45.0",
                    "105.0-135.0",
                    "75.0-105.0",
                    "435.0-465.0"
                ],
                "105.0-135.0": [
                    "F",
                    "75.0-105.0",
                    "165.0-195.0",
                    "45.0-75.0",
                    "135.0-165.0",
                    "15.0-45.0",
                    "195.0-225.0",
                    "75.0-105.0",
                    "435.0-465.0"
                ],
                "135.0-165.0": [
                    "T",
                    "75.0-105.0",
                    "165.0-195.0",
                    "45.0-75.0",
                    "225.0-255.0",
                    "105.0-135.0",
                    "195.0-225.0",
                    "75.0-105.0",
                    "435.0-465.0"
                ],
                "165.0-195.0": [
                    "C",
                    "75.0-105.0",
                    "255.0-285.0",
                    "135.0-165.0",
                    "225.0-255.0",
                    "105.0-135.0",
                    "195.0-225.0",
                    "75.0-105.0",
                    "435.0-465.0"
                ],
                "195.0-225.0": [
                    "F",
                    "165.0-195.0",
                    "255.0-285.0",
                    "135.0-165.0",
                    "225.0-255.0",
                    "105.0-135.0",
                    "285.0-315.0",
                    "75.0-105.0",
                    "435.0-465.0"
                ],
                "225.0-255.0": [
                    "T",
                    "165.0-195.0",
                    "255.0-285.0",
                    "135.0-165.0",
                    "315.0-345.0",
                    "195.0-225.0",
                    "285.0-315.0",
                    "75.0-105.0",
                    "435.0-465.0"
                ],
                "255.0-285.0": [
                    "C",
                    "165.0-195.0",
                    "345.0-375.0",
                    "225.0-255.0",
                    "315.0-345.0",
                    "195.0-225.0",
                    "285.0-315.0",
                    "75.0-105.0",
                    "435.0-465.0"
                ],
                "285.0-315.0": [
                    "F",
                    "255.0-285.0",
                    "345.0-375.0",
                    "225.0-255.0",
                    "315.0-345.0",
                    "195.0-225.0",
                    "375.0-405.0",
                    "75.0-105.0",
                    "435.0-465.0"
                ],
                "315.0-345.0": [
                    "T",
                    "255.0-285.0",
                    "345.0-375.0",
                    "225.0-255.0",
                    "405.0-435.0",
                    "285.0-315.0",
                    "375.0-405.0",
                    "75.0-105.0",
                    "435.0-465.0"
                ],
                "345.0-375.0": [
                    "C",
                    "255.0-285.0",
                    "435.0-465.0",
                    "315.0-345.0",
                    "405.0-435.0",
                    "285.0-315.0",
                    "375.0-405.0",
                    "75.0-105.0",
                    "435.0-465.0"
                ],
                "375.0-405.0": [
                    "F",
                    "345.0-375.0",
                    "435.0-465.0",
                    "315.0-345.0",
                    "405.0-435.0",
                    "285.0-315.0",
                    "465.0-495.0",
                    "75.0-105.0",
                    "435.0-465.0"
                ],
                "405.0-435.0": [
                    "T",
                    "345.0-375.0",
                    "435.0-465.0",
                    "315.0-345.0",
                    "",
                    "375.0-405.0",
                    "465.0-495.0",
                    "75.0-105.0",
                    "435.0-465.0"
                ],
                "435.0-465.0": [
                    "C",
                    "345.0-375.0",
                    "",
                    "405.0-435.0",
                    "",
                    "375.0-405.0",
                    "465.0-495.0",
                    "75.0-105.0",
                    "435.0-465.0"
                ],
                "465.0-495.0": [
                    "F",
                    "435.0-465.0",
                    "",
                    "405.0-435.0",
                    "",
                    "375.0-405.0",
                    "",
                    "75.0-105.0",
                    "435.0-465.0"
                ],
                "0-15.0": [
                    "",
                    "",
                    "75.0-105.0",
                    "",
                    "45.0-75.0",
                    "",
                    "15.0-45.0",
                    "75.0-105.0",
                    "435.0-465.0"
                ]
            },
            "levels": {
                "30": [
                    "F",
                    "",
                    90,
                    "",
                    60,
                    "",
                    120,
                    90,
                    450
                ],
                "60": [
                    "T",
                    "",
                    90,
                    "",
                    150,
                    30,
                    120,
                    90,
                    450
                ],
                "90": [
                    "C",
                    "",
                    180,
                    60,
                    150,
                    30,
                    120,
                    90,
                    450
                ],
                "120": [
                    "F",
                    90,
                    180,
                    60,
                    150,
                    30,
                    210,
                    90,
                    450
                ],
                "150": [
                    "T",
                    90,
                    180,
                    60,
                    240,
                    120,
                    210,
                    90,
                    450
                ],
                "180": [
                    "C",
                    90,
                    270,
                    150,
                    240,
                    120,
                    210,
                    90,
                    450
                ],
                "210": [
                    "F",
                    180,
                    270,
                    150,
                    240,
                    120,
                    300,
                    90,
                    450
                ],
                "240": [
                    "T",
                    180,
                    270,
                    150,
                    330,
                    210,
                    300,
                    90,
                    450
                ],
                "270": [
                    "C",
                    180,
                    360,
                    240,
                    330,
                    210,
                    300,
                    90,
                    450
                ],
                "300": [
                    "F",
                    270,
                    360,
                    240,
                    330,
                    210,
                    390,
                    90,
                    450
                ],
                "330": [
                    "T",
                    270,
                    360,
                    240,
                    420,
                    300,
                    390,
                    90,
                    450
                ],
                "360": [
                    "C",
                    270,
                    450,
                    330,
                    420,
                    300,
                    390,
                    90,
                    450
                ],
                "390": [
                    "F",
                    360,
                    450,
                    330,
                    420,
                    300,
                    480,
                    90,
                    450
                ],
                "420": [
                    "T",
                    360,
                    450,
                    330,
                    "",
                    390,
                    480,
                    90,
                    450
                ],
                "450": [
                    "C",
                    360,
                    "",
                    420,
                    "",
                    390,
                    480,
                    90,
                    450
                ],
                "480": [
                    "F",
                    450,
                    "",
                    420,
                    "",
                    390,
                    "",
                    90,
                    450
                ],
                "0": [
                    "",
                    "",
                    90,
                    "",
                    60,
                    "",
                    30,
                    90,
                    450
                ]
            },
            "pattern": [
                "F",
                "T",
                "C",
                "F",
                "T",
                "C",
                "F",
                "T",
                "C",
                "F",
                "T",
                "C",
                "F",
                "T",
                "C",
                "F"
            ]
        },
        "open": {
            "range": {
                "15.0-45.0": [
                    "C",
                    "",
                    "45.0-75.0",
                    "15.0-45.0",
                    "465.0-495.0"
                ],
                "45.0-75.0": [
                    "C",
                    "15.0-45.0",
                    "75.0-105.0",
                    "15.0-45.0",
                    "465.0-495.0"
                ],
                "75.0-105.0": [
                    "C",
                    "45.0-75.0",
                    "105.0-135.0",
                    "15.0-45.0",
                    "465.0-495.0"
                ],
                "105.0-135.0": [
                    "C",
                    "75.0-105.0",
                    "135.0-165.0",
                    "15.0-45.0",
                    "465.0-495.0"
                ],
                "135.0-165.0": [
                    "C",
                    "105.0-135.0",
                    "165.0-195.0",
                    "15.0-45.0",
                    "465.0-495.0"
                ],
                "165.0-195.0": [
                    "C",
                    "135.0-165.0",
                    "195.0-225.0",
                    "15.0-45.0",
                    "465.0-495.0"
                ],
                "195.0-225.0": [
                    "C",
                    "165.0-195.0",
                    "225.0-255.0",
                    "15.0-45.0",
                    "465.0-495.0"
                ],
                "225.0-255.0": [
                    "C",
                    "195.0-225.0",
                    "255.0-285.0",
                    "15.0-45.0",
                    "465.0-495.0"
                ],
                "255.0-285.0": [
                    "C",
                    "225.0-255.0",
                    "285.0-315.0",
                    "15.0-45.0",
                    "465.0-495.0"
                ],
                "285.0-315.0": [
                    "C",
                    "255.0-285.0",
                    "315.0-345.0",
                    "15.0-45.0",
                    "465.0-495.0"
                ],
                "315.0-345.0": [
                    "C",
                    "285.0-315.0",
                    "345.0-375.0",
                    "15.0-45.0",
                    "465.0-495.0"
                ],
                "345.0-375.0": [
                    "C",
                    "315.0-345.0",
                    "375.0-405.0",
                    "15.0-45.0",
                    "465.0-495.0"
                ],
                "375.0-405.0": [
                    "C",
                    "345.0-375.0",
                    "405.0-435.0",
                    "15.0-45.0",
                    "465.0-495.0"
                ],
                "405.0-435.0": [
                    "C",
                    "375.0-405.0",
                    "435.0-465.0",
                    "15.0-45.0",
                    "465.0-495.0"
                ],
                "435.0-465.0": [
                    "C",
                    "405.0-435.0",
                    "465.0-495.0",
                    "15.0-45.0",
                    "465.0-495.0"
                ],
                "465.0-495.0": [
                    "C",
                    "435.0-465.0",
                    "",
                    "15.0-45.0",
                    "465.0-495.0"
                ],
                "0-15.0": [
                    "",
                    "",
                    "15.0-45.0",
                    "15.0-45.0",
                    "465.0-495.0"
                ]
            },
            "levels": {
                "30": [
                    "C",
                    "",
                    60,
                    30,
                    480
                ],
                "60": [
                    "C",
                    30,
                    90,
                    30,
                    480
                ],
                "90": [
                    "C",
                    60,
                    120,
                    30,
                    480
                ],
                "120": [
                    "C",
                    90,
                    150,
                    30,
                    480
                ],
                "150": [
                    "C",
                    120,
                    180,
                    30,
                    480
                ],
                "180": [
                    "C",
                    150,
                    210,
                    30,
                    480
                ],
                "210": [
                    "C",
                    180,
                    240,
                    30,
                    480
                ],
                "240": [
                    "C",
                    210,
                    270,
                    30,
                    480
                ],
                "270": [
                    "C",
                    240,
                    300,
                    30,
                    480
                ],
                "300": [
                    "C",
                    270,
                    330,
                    30,
                    480
                ],
                "330": [
                    "C",
                    300,
                    360,
                    30,
                    480
                ],
                "360": [
                    "C",
                    330,
                    390,
                    30,
                    480
                ],
                "390": [
                    "C",
                    360,
                    420,
                    30,
                    480
                ],
                "420": [
                    "C",
                    390,
                    450,
                    30,
                    480
                ],
                "450": [
                    "C",
                    420,
                    480,
                    30,
                    480
                ],
                "480": [
                    "C",
                    450,
                    "",
                    30,
                    480
                ],
                "0": [
                    "",
                    "",
                    30,
                    30,
                    480
                ]
            },
            "pattern": [
                "C",
                "C",
                "C",
                "C",
                "C",
                "C",
                "C",
                "C",
                "C",
                "C",
                "C",
                "C",
                "C",
                "C",
                "C",
                "C"
            ],
            "heading": {
                "heights": {
                    "ranges": {
                        "30": "0-45",
                        "60": "45-90",
                        "90": "90-135",
                        "120": "135-180",
                        "150": "180-225",
                        "180": "225-270",
                        "210": "270-315",
                        "240": "315-360",
                        "270": "0-45",
                        "300": "45-90",
                        "330": "90-135",
                        "360": "135-180",
                        "390": "180-225",
                        "420": "225-270",
                        "450": "270-315",
                        "480": "315-360"
                    },
                    "center": {
                        "30": 22.5,
                        "60": 67.5,
                        "90": 112.5,
                        "120": 157.5,
                        "150": 202.5,
                        "180": 247.5,
                        "210": 292.5,
                        "240": 337.5,
                        "270": 22.5,
                        "300": 67.5,
                        "330": 112.5,
                        "360": 157.5,
                        "390": 202.5,
                        "420": 247.5,
                        "450": 292.5,
                        "480": 337.5
                    }
                },
                "angle": {
                    "ranges": {
                        "225-270": [
                            180,
                            420
                        ],
                        "135-180": [
                            120,
                            360
                        ],
                        "270-315": [
                            210,
                            450
                        ],
                        "180-225": [
                            150,
                            390
                        ],
                        "315-360": [
                            240,
                            480
                        ],
                        "0-45": [
                            30,
                            270
                        ],
                        "45-90": [
                            60,
                            300
                        ],
                        "90-135": [
                            90,
                            330
                        ]
                    },
                    "center": {
                        "247.5": [
                            180,
                            420
                        ],
                        "157.5": [
                            120,
                            360
                        ],
                        "292.5": [
                            210,
                            450
                        ],
                        "202.5": [
                            150,
                            390
                        ],
                        "337.5": [
                            240,
                            480
                        ],
                        "22.5": [
                            30,
                            270
                        ],
                        "67.5": [
                            60,
                            300
                        ],
                        "112.5": [
                            90,
                            330
                        ]
                    }
                }
            }
        }
    },
    "info": {
        "levels": [
            30,
            60,
            90,
            120,
            150,
            180,
            210,
            240,
            270,
            300,
            330,
            360,
            390,
            420,
            450,
            480
        ],
        "spacing": 30,
        "headings": [
            "0-45",
            "45-90",
            "90-135",
            "135-180",
            "180-225",
            "225-270",
            "270-315",
            "315-360",
            "0-45",
            "45-90",
            "90-135",
            "135-180",
            "180-225",
            "225-270",
            "270-315",
            "315-360"
        ],
        "angle_spacing": 45
    }
}